[
  {
    "id": "fe8966db-199d-404e-bedc-04cfaa2bbe0a",
    "data": [
      {
        "text": "schwer",
        "alias": "Antwort",
        "meta": "@sys.any",
        "userDefined": true
      }
    ],
    "isTemplate": false,
    "count": 0
  },
  {
    "id": "4b552c25-d383-40d5-abd0-ea5714921cd7",
    "data": [
      {
        "text": "mittel",
        "alias": "Antwort",
        "meta": "@sys.any",
        "userDefined": true
      }
    ],
    "isTemplate": false,
    "count": 0
  },
  {
    "id": "c339ea7c-997d-463e-8f75-2b673d6d0b88",
    "data": [
      {
        "text": "einfach",
        "alias": "Antwort",
        "meta": "@sys.any",
        "userDefined": true
      }
    ],
    "isTemplate": false,
    "count": 0
  },
  {
    "id": "fee9bf95-ac3a-4927-9b52-31d7b315b3b4",
    "data": [
      {
        "text": "nei",
        "alias": "Antwort",
        "meta": "@sys.any",
        "userDefined": true
      }
    ],
    "isTemplate": false,
    "count": 0
  },
  {
    "id": "58ef2d1c-648e-4fe5-9fa4-a55272398014",
    "data": [
      {
        "text": "start",
        "alias": "Antwort",
        "meta": "@sys.any",
        "userDefined": true
      }
    ],
    "isTemplate": false,
    "count": 0
  },
  {
    "id": "fad78ad8-8943-4dbc-bc6c-64d91403de66",
    "data": [
      {
        "text": "starten",
        "alias": "Antwort",
        "meta": "@sys.any",
        "userDefined": true
      }
    ],
    "isTemplate": false,
    "count": 0
  },
  {
    "id": "c97c3c26-7dc0-4c0f-bae6-d39afca027a3",
    "data": [
      {
        "text": "nein",
        "alias": "Antwort",
        "meta": "@sys.any",
        "userDefined": true
      }
    ],
    "isTemplate": false,
    "count": 0
  },
  {
    "id": "d121e054-02e8-4492-94f4-0535f573ff5c",
    "data": [
      {
        "text": "ja",
        "alias": "Antwort",
        "meta": "@sys.any",
        "userDefined": true
      }
    ],
    "isTemplate": false,
    "count": 0
  },
  {
    "id": "53f1e698-64ed-4d3c-8cae-9f843405bf97",
    "data": [
      {
        "text": "Meiner Meinung nach sollte es ermöglicht werden",
        "alias": "Antwort",
        "meta": "@sys.any",
        "userDefined": true
      }
    ],
    "isTemplate": false,
    "count": 0
  },
  {
    "id": "c3add103-da9a-4f2e-90c4-8a2c20bb6ce2",
    "data": [
      {
        "text": "Hallo ich möchte etwas sagen ohne gestört zu werden meiner meinung nach sollte es in etwa so ausehen dass man irgendetwas schreiben kann wie dies hier gemacht wird.",
        "alias": "Antwort",
        "meta": "@sys.any",
        "userDefined": true
      }
    ],
    "isTemplate": false,
    "count": 0
  },
  {
    "id": "5c1e6229-ad0a-4603-8e29-6fd093022bf2",
    "data": [
      {
        "text": "Man legt die Pizza in den Ofen.",
        "alias": "Antwort",
        "meta": "@sys.any",
        "userDefined": true
      }
    ],
    "isTemplate": false,
    "count": 0
  }
]