[
  {
    "id": "97ad8b4f-ddcb-4796-aff6-73044b4c6baa",
    "data": [
      {
        "text": "nicht korrekt",
        "userDefined": false
      }
    ],
    "isTemplate": false,
    "count": 0
  },
  {
    "id": "585fbccc-b3b1-4c7d-8005-41503cbe4ee4",
    "data": [
      {
        "text": "flasch",
        "userDefined": false
      }
    ],
    "isTemplate": false,
    "count": 0
  },
  {
    "id": "4e4f3fb7-28f2-41ab-85aa-874e984b146f",
    "data": [
      {
        "text": "No",
        "userDefined": false
      }
    ],
    "isTemplate": false,
    "count": 0
  },
  {
    "id": "5fb81dac-3461-4d72-95fb-87cdd043ac77",
    "data": [
      {
        "text": "Nein",
        "userDefined": false
      }
    ],
    "isTemplate": false,
    "count": 0
  }
]