[
  {
    "id": "5f7d3a13-3e64-43bf-86ff-9dbafa1c5853",
    "data": [
      {
        "text": "natürlich",
        "userDefined": false
      }
    ],
    "isTemplate": false,
    "count": 0
  },
  {
    "id": "09c702a5-e993-4aac-a573-c8c8ca0fe090",
    "data": [
      {
        "text": "sicher",
        "userDefined": false
      }
    ],
    "isTemplate": false,
    "count": 0
  },
  {
    "id": "3126b5d0-658f-437d-9cd7-9b26964a3d45",
    "data": [
      {
        "text": "Sicherlich",
        "userDefined": false
      }
    ],
    "isTemplate": false,
    "count": 0
  },
  {
    "id": "2cfdf887-d45d-4d37-be7f-a3697e8cc51c",
    "data": [
      {
        "text": "jop",
        "userDefined": false
      }
    ],
    "isTemplate": false,
    "count": 0
  },
  {
    "id": "afb37c76-9f50-4b43-9227-871c27563fc8",
    "data": [
      {
        "text": "yep",
        "userDefined": false
      }
    ],
    "isTemplate": false,
    "count": 0
  },
  {
    "id": "67dfa425-5a21-422e-a6e5-8e57bc16e921",
    "data": [
      {
        "text": "Yes",
        "userDefined": false
      }
    ],
    "isTemplate": false,
    "count": 0
  },
  {
    "id": "9ac4f3bd-4b9e-47e4-b368-8a110fefabd1",
    "data": [
      {
        "text": "Ja",
        "userDefined": false
      }
    ],
    "isTemplate": false,
    "count": 0
  },
  {
    "id": "f9c67727-aa0b-4177-8449-0dec392614b7",
    "data": [
      {
        "text": "ja",
        "userDefined": false
      }
    ],
    "isTemplate": false,
    "count": 0
  }
]