[
  {
    "id": "940375d6-9c60-49d6-a3c7-bc2d3b0543c2",
    "data": [
      {
        "text": "neu start",
        "userDefined": false
      }
    ],
    "isTemplate": false,
    "count": 0
  },
  {
    "id": "0e29ae37-0c24-4d04-8465-067c08e478e1",
    "data": [
      {
        "text": "erneut starten",
        "userDefined": false
      }
    ],
    "isTemplate": false,
    "count": 0
  },
  {
    "id": "d5b53853-68a8-4ee3-a02c-0a9593028c86",
    "data": [
      {
        "text": "neu starten",
        "userDefined": false
      }
    ],
    "isTemplate": false,
    "count": 0
  },
  {
    "id": "0d211974-ac35-4e94-aedc-9124931b19ae",
    "data": [
      {
        "text": "neu starte",
        "userDefined": false
      }
    ],
    "isTemplate": false,
    "count": 0
  },
  {
    "id": "8c3545da-743a-416c-9337-c4254fdb9f20",
    "data": [
      {
        "text": "starte",
        "userDefined": false
      }
    ],
    "isTemplate": false,
    "count": 0
  },
  {
    "id": "ec440579-f237-48f9-97af-5753977b6823",
    "data": [
      {
        "text": "beginnen",
        "userDefined": false
      }
    ],
    "isTemplate": false,
    "count": 0
  },
  {
    "id": "4e101c7a-8f4b-4d3b-b686-3158f35065f4",
    "data": [
      {
        "text": "starten",
        "userDefined": false
      }
    ],
    "isTemplate": false,
    "count": 0
  },
  {
    "id": "cacad870-942f-497d-ac5d-3ac9957aa806",
    "data": [
      {
        "text": "start",
        "userDefined": false
      }
    ],
    "isTemplate": false,
    "count": 0
  },
  {
    "id": "b02abc39-b94b-471b-9517-a954f805ecad",
    "data": [
      {
        "text": "hello",
        "userDefined": false
      }
    ],
    "isTemplate": false,
    "count": 0
  },
  {
    "id": "e0e63d2d-3ef9-4369-bc30-2a96c01435db",
    "data": [
      {
        "text": "ja hallo",
        "userDefined": false
      }
    ],
    "isTemplate": false,
    "count": 0,
    "updated": 0
  },
  {
    "id": "46edf5b6-d5d6-4c92-91ec-39cf4fb72fa1",
    "data": [
      {
        "text": "ich grüße dich",
        "userDefined": false
      }
    ],
    "isTemplate": false,
    "count": 0,
    "updated": 0
  },
  {
    "id": "a17f72a4-57a6-437f-86bd-f980cb0c08af",
    "data": [
      {
        "text": "hallöchen",
        "userDefined": false
      }
    ],
    "isTemplate": false,
    "count": 0,
    "updated": 0
  },
  {
    "id": "86945c14-e919-44c4-918a-edd06106d07d",
    "data": [
      {
        "text": "hallo hallo",
        "userDefined": false
      }
    ],
    "isTemplate": false,
    "count": 0,
    "updated": 0
  },
  {
    "id": "b78ac3cf-f86a-46da-be48-5c095edabc4b",
    "data": [
      {
        "text": "hallo",
        "userDefined": false
      }
    ],
    "isTemplate": false,
    "count": 0,
    "updated": 0
  },
  {
    "id": "a49605d5-f1fe-4cff-b9c1-121ffc0bc652",
    "data": [
      {
        "text": "grüß dich",
        "userDefined": false
      }
    ],
    "isTemplate": false,
    "count": 0,
    "updated": 0
  }
]