[
  {
    "id": "a3c92b83-6804-4620-be8b-7244e3c2c2bd",
    "data": [
      {
        "text": "locker",
        "userDefined": false
      }
    ],
    "isTemplate": false,
    "count": 0
  },
  {
    "id": "440c1b72-663c-4488-9a0f-d926fb41eccd",
    "data": [
      {
        "text": "einfache Frage",
        "userDefined": false
      }
    ],
    "isTemplate": false,
    "count": 0
  },
  {
    "id": "a78d9201-0005-48ca-9693-45a766226289",
    "data": [
      {
        "text": "easy",
        "userDefined": false
      }
    ],
    "isTemplate": false,
    "count": 0
  },
  {
    "id": "d4fe88fd-265d-482a-9653-0a92170badb4",
    "data": [
      {
        "text": "einfach",
        "userDefined": false
      }
    ],
    "isTemplate": false,
    "count": 0
  }
]