[
  {
    "id": "c9f4a137-7ca3-43ed-b044-72e9ce682e38",
    "data": [
      {
        "text": "nei",
        "userDefined": false
      }
    ],
    "isTemplate": false,
    "count": 0
  },
  {
    "id": "0f5835a3-532c-4781-b8de-26688b1c44b9",
    "data": [
      {
        "text": "kein Interesse",
        "userDefined": false
      }
    ],
    "isTemplate": false,
    "count": 1,
    "updated": 1497519195
  },
  {
    "id": "53f85c2f-ebf3-4a32-8c53-8c24ce1b6dc8",
    "data": [
      {
        "text": "das möchte ich nicht",
        "userDefined": false
      }
    ],
    "isTemplate": false,
    "count": 1,
    "updated": 1497436126
  },
  {
    "id": "da6bf8fb-4ffb-477c-adc7-63ecdbf2cdca",
    "data": [
      {
        "text": "mach das nicht",
        "userDefined": false
      }
    ],
    "isTemplate": false,
    "count": 0,
    "updated": 1497436126
  },
  {
    "id": "6d98b658-725b-4abd-9583-0ac2386bb3bd",
    "data": [
      {
        "text": "nein danke",
        "userDefined": false
      }
    ],
    "isTemplate": false,
    "count": 1,
    "updated": 1497436126
  },
  {
    "id": "b96dcaa9-3982-458d-ae32-c8ebb1486268",
    "data": [
      {
        "text": "nein",
        "userDefined": false
      }
    ],
    "isTemplate": false,
    "count": 4,
    "updated": 1497436126
  },
  {
    "id": "b29ad3b2-c35b-429d-8457-53f50a25eea0",
    "data": [
      {
        "text": "ich denke nicht",
        "userDefined": false
      }
    ],
    "isTemplate": false,
    "count": 0,
    "updated": 1497436126
  },
  {
    "id": "f5973ae7-b834-42ba-ab8c-725f0fda08ac",
    "data": [
      {
        "text": "eigentlich nicht",
        "userDefined": false
      }
    ],
    "isTemplate": false,
    "count": 0,
    "updated": 1497436126
  },
  {
    "id": "155d4371-34e0-45ec-bc66-aeb8ea3750ae",
    "data": [
      {
        "text": "ich bin nicht einverstanden",
        "userDefined": false
      }
    ],
    "isTemplate": false,
    "count": 1,
    "updated": 1497436126
  },
  {
    "id": "08402119-2dae-4f42-bc7d-5188960f92f6",
    "data": [
      {
        "text": "auf keinen Fall",
        "userDefined": false
      }
    ],
    "isTemplate": false,
    "count": 1,
    "updated": 1497519195
  }
]