[
  {
    "id": "546e1135-fd01-4178-a690-173f9d909ff8",
    "data": [
      {
        "text": "mach das",
        "userDefined": false
      }
    ],
    "isTemplate": false,
    "count": 0,
    "updated": 1497436128
  },
  {
    "id": "23c39de5-663d-453e-84cd-cf2b332a6f55",
    "data": [
      {
        "text": "ja",
        "userDefined": false
      }
    ],
    "isTemplate": false,
    "count": 2,
    "updated": 1497436128
  },
  {
    "id": "54db511b-7f0d-4810-b5f5-d2bdba9e11a0",
    "data": [
      {
        "text": "natürlich",
        "userDefined": false
      }
    ],
    "isTemplate": false,
    "count": 1,
    "updated": 1497436128
  },
  {
    "id": "1c6f0e18-72de-49de-8f4c-378db1f3403d",
    "data": [
      {
        "text": "bestätigen",
        "userDefined": false
      }
    ],
    "isTemplate": false,
    "count": 0,
    "updated": 1497436128
  },
  {
    "id": "d515f3c9-72ac-46da-b382-797b0743b7b5",
    "data": [
      {
        "text": "klingt gut",
        "userDefined": false
      }
    ],
    "isTemplate": false,
    "count": 0,
    "updated": 1497436128
  },
  {
    "id": "43fac5ac-6ebe-4471-b58c-3ec572b61ec4",
    "data": [
      {
        "text": "ist mir egal",
        "userDefined": false
      }
    ],
    "isTemplate": false,
    "count": 1,
    "updated": 1497436128
  },
  {
    "id": "f825184a-fe6f-4689-a1a9-83d7392b341b",
    "data": [
      {
        "text": "genau",
        "userDefined": false
      }
    ],
    "isTemplate": false,
    "count": 2,
    "updated": 1497436128
  },
  {
    "id": "15793cac-5d5b-4cac-94ff-0d2748ea77b5",
    "data": [
      {
        "text": "klar",
        "userDefined": false
      }
    ],
    "isTemplate": false,
    "count": 1,
    "updated": 1497436128
  },
  {
    "id": "fa3a63b0-2afc-4bb5-8471-85a38d81e294",
    "data": [
      {
        "text": "das ist richtig",
        "userDefined": false
      }
    ],
    "isTemplate": false,
    "count": 1,
    "updated": 1497436128
  },
  {
    "id": "e95bb141-2873-470c-8350-27ee4f28b1ac",
    "data": [
      {
        "text": "einverstanden",
        "userDefined": false
      }
    ],
    "isTemplate": false,
    "count": 0,
    "updated": 1497436128
  }
]