[
  {
    "id": "828db6be-5ae6-4ba8-931b-7a23f817450f",
    "data": [
      {
        "text": "TRm2g56.",
        "alias": "Zugangscode",
        "meta": "@sys.any",
        "userDefined": true
      },
      {
        "text": " ist mein Code.",
        "userDefined": false
      }
    ],
    "isTemplate": false,
    "count": 0
  },
  {
    "id": "3de89067-4247-4daf-a64c-3ccab10355c0",
    "data": [
      {
        "text": "Der Zugangscode lautet ",
        "userDefined": false
      },
      {
        "text": "zH\u0026rM){",
        "alias": "Zugangscode",
        "meta": "@sys.any",
        "userDefined": true
      },
      {
        "text": ".",
        "userDefined": false
      }
    ],
    "isTemplate": false,
    "count": 0
  },
  {
    "id": "60f075bf-3df3-4386-ac81-2b1c4ed17624",
    "data": [
      {
        "text": "Mein Zugangscode ist ",
        "userDefined": false
      },
      {
        "text": "Fn34!L",
        "alias": "Zugangscode",
        "meta": "@sys.any",
        "userDefined": true
      }
    ],
    "isTemplate": false,
    "count": 0
  },
  {
    "id": "fadd5d3c-c8b2-4240-b1fa-aa4f12f67beb",
    "data": [
      {
        "text": "£Jha23.",
        "alias": "Zugangscode",
        "meta": "@sys.any",
        "userDefined": true
      }
    ],
    "isTemplate": false,
    "count": 0
  },
  {
    "id": "5fe5d8e2-a7e0-47c0-a44d-7ce58276cf07",
    "data": [
      {
        "text": "Katkms!",
        "alias": "Zugangscode",
        "meta": "@sys.any",
        "userDefined": true
      }
    ],
    "isTemplate": false,
    "count": 0
  },
  {
    "id": "4536ac8e-63f0-468a-b781-6fffa2fb8733",
    "data": [
      {
        "text": "hIL?m",
        "alias": "Zugangscode",
        "meta": "@sys.any",
        "userDefined": true
      }
    ],
    "isTemplate": false,
    "count": 0
  },
  {
    "id": "843325e3-b223-4ad3-8d1f-16fb2a72a48b",
    "data": [
      {
        "text": "abc",
        "alias": "Zugangscode",
        "meta": "@sys.any",
        "userDefined": true
      }
    ],
    "isTemplate": false,
    "count": 0
  }
]