[
  {
    "id": "aa39e077-8970-49ef-a6e8-c06199504850",
    "data": [
      {
        "text": "start",
        "alias": "Antwort",
        "meta": "@sys.any",
        "userDefined": true
      }
    ],
    "isTemplate": false,
    "count": 0
  },
  {
    "id": "77c5eafe-7f3b-4b96-ae68-6a0ed43e44be",
    "data": [
      {
        "text": "2 meter",
        "alias": "Antwort",
        "meta": "@sys.any",
        "userDefined": true
      }
    ],
    "isTemplate": false,
    "count": 0
  },
  {
    "id": "93eca0e8-10bd-4215-a81e-4e8101f079b1",
    "data": [
      {
        "text": "einfach",
        "alias": "Antwort",
        "meta": "@sys.any",
        "userDefined": true
      }
    ],
    "isTemplate": false,
    "count": 0
  },
  {
    "id": "dc644bdb-2571-48ee-9ce2-0b67f09631d5",
    "data": [
      {
        "text": "Hallo ich möchte etwas sagen ohne gestört zu werden meiner meinung nach sollte es in etwa so ausehen dass man irgendetwas schreiben kann wie dies hier gemacht wird.",
        "alias": "Antwort",
        "meta": "@sys.any",
        "userDefined": true
      }
    ],
    "isTemplate": false,
    "count": 0
  },
  {
    "id": "aee5340b-71a5-4aba-a6e3-c0ca971857c9",
    "data": [
      {
        "text": "mittel",
        "alias": "Antwort",
        "meta": "@sys.any",
        "userDefined": true
      }
    ],
    "isTemplate": false,
    "count": 0
  },
  {
    "id": "b793bc35-1bea-45f8-940c-3c24cce73fab",
    "data": [
      {
        "text": "qwr",
        "alias": "Antwort",
        "meta": "@sys.any",
        "userDefined": true
      }
    ],
    "isTemplate": false,
    "count": 0
  },
  {
    "id": "649adf2d-d0c2-43dd-b3a0-eb068843c20a",
    "data": [
      {
        "text": "Meiner Meinung nach sollte es ermöglicht werden",
        "alias": "Antwort",
        "meta": "@sys.any",
        "userDefined": true
      }
    ],
    "isTemplate": false,
    "count": 0
  },
  {
    "id": "5e5a4dce-a50f-4b8d-aa9e-1583a65a7890",
    "data": [
      {
        "text": "nein",
        "alias": "Antwort",
        "meta": "@sys.any",
        "userDefined": true
      }
    ],
    "isTemplate": false,
    "count": 0
  },
  {
    "id": "c969fa7c-0fcd-4aa0-a6fe-3a1bad90714a",
    "data": [
      {
        "text": "Man legt die Pizza in den Ofen.",
        "alias": "Antwort",
        "meta": "@sys.any",
        "userDefined": true
      }
    ],
    "isTemplate": false,
    "count": 0
  },
  {
    "id": "6a17f9f8-76db-4f6d-b1b7-1155c0c77f97",
    "data": [
      {
        "text": "12",
        "alias": "Antwort",
        "meta": "@sys.any",
        "userDefined": true
      }
    ],
    "isTemplate": false,
    "count": 0
  },
  {
    "id": "8c5dc4e7-626b-401b-a197-404869245156",
    "data": [
      {
        "text": "schwer",
        "alias": "Antwort",
        "meta": "@sys.any",
        "userDefined": true
      }
    ],
    "isTemplate": false,
    "count": 0
  },
  {
    "id": "e205f7c7-4e28-4f4c-9329-e0ab616d989c",
    "data": [
      {
        "text": "nei",
        "alias": "Antwort",
        "meta": "@sys.any",
        "userDefined": true
      }
    ],
    "isTemplate": false,
    "count": 0
  },
  {
    "id": "6f1e56b8-7c11-4fe4-9c6e-88314dabc1b3",
    "data": [
      {
        "text": "starten",
        "alias": "Antwort",
        "meta": "@sys.any",
        "userDefined": true
      }
    ],
    "isTemplate": false,
    "count": 0
  },
  {
    "id": "e85b72b5-10b1-4644-92a3-8770dc62ae8d",
    "data": [
      {
        "text": "ja",
        "alias": "Antwort",
        "meta": "@sys.any",
        "userDefined": true
      }
    ],
    "isTemplate": false,
    "count": 0
  },
  {
    "id": "be3f1df2-4884-4a5e-a511-154e74078578",
    "data": [
      {
        "text": "as",
        "alias": "Antwort",
        "meta": "@sys.any",
        "userDefined": true
      }
    ],
    "isTemplate": false,
    "count": 0
  },
  {
    "id": "58d02751-899c-4eba-ba86-4745aeefa965",
    "data": [
      {
        "text": "2",
        "alias": "Antwort",
        "meta": "@sys.any",
        "userDefined": true
      }
    ],
    "isTemplate": false,
    "count": 0
  }
]