[
  {
    "id": "9ddb658e-d2fe-40c8-9061-cacddec87f91",
    "data": [
      {
        "text": "n",
        "userDefined": false
      }
    ],
    "isTemplate": false,
    "count": 0
  },
  {
    "id": "5e9e0f41-2b65-4451-bf84-011054516e0b",
    "data": [
      {
        "text": "flasch",
        "userDefined": false
      }
    ],
    "isTemplate": false,
    "count": 0
  },
  {
    "id": "b2ce4500-9576-4af0-9bad-092e9b7ca612",
    "data": [
      {
        "text": "nicht korrekt",
        "userDefined": false
      }
    ],
    "isTemplate": false,
    "count": 0
  },
  {
    "id": "08d1a06b-bbc0-4cb5-87d8-8cd784c5fb5b",
    "data": [
      {
        "text": "No",
        "userDefined": false
      }
    ],
    "isTemplate": false,
    "count": 0
  },
  {
    "id": "83a3d47a-02e2-4c9a-be0f-e3af2b87de13",
    "data": [
      {
        "text": "Nein",
        "userDefined": false
      }
    ],
    "isTemplate": false,
    "count": 0
  }
]