[
  {
    "id": "bd10bcc7-a030-4bd2-83ab-389385cf68cb",
    "data": [
      {
        "text": "easy",
        "userDefined": false
      }
    ],
    "isTemplate": false,
    "count": 0
  },
  {
    "id": "17886dd5-17c0-408f-8405-d9cff0b0d009",
    "data": [
      {
        "text": "einfache Frage",
        "userDefined": false
      }
    ],
    "isTemplate": false,
    "count": 0
  },
  {
    "id": "2b085052-7831-49ac-89bc-1df0ac8edd2a",
    "data": [
      {
        "text": "locker",
        "userDefined": false
      }
    ],
    "isTemplate": false,
    "count": 0
  },
  {
    "id": "8aedee58-5596-40a4-8b78-1a87660a9bf4",
    "data": [
      {
        "text": "einfach",
        "userDefined": false
      }
    ],
    "isTemplate": false,
    "count": 0
  }
]