[
  {
    "id": "531eabfc-6764-4136-8773-712d92b06784",
    "data": [
      {
        "text": "ich bin nicht einverstanden",
        "userDefined": false
      }
    ],
    "isTemplate": false,
    "count": 1,
    "updated": 1497436126
  },
  {
    "id": "f7062998-0257-4439-8d01-8971f5b3e1b1",
    "data": [
      {
        "text": "nein danke",
        "userDefined": false
      }
    ],
    "isTemplate": false,
    "count": 1,
    "updated": 1497436126
  },
  {
    "id": "ecfac785-5568-4d5e-9260-e97c7ff8c419",
    "data": [
      {
        "text": "mach das nicht",
        "userDefined": false
      }
    ],
    "isTemplate": false,
    "count": 0,
    "updated": 1497436126
  },
  {
    "id": "7113b106-542f-4db5-97ce-958cfcbaa42b",
    "data": [
      {
        "text": "nein",
        "userDefined": false
      }
    ],
    "isTemplate": false,
    "count": 4,
    "updated": 1497436126
  },
  {
    "id": "4a90349c-2127-441c-95ca-1cd3d94c3eb2",
    "data": [
      {
        "text": "eigentlich nicht",
        "userDefined": false
      }
    ],
    "isTemplate": false,
    "count": 0,
    "updated": 1497436126
  },
  {
    "id": "24592b6e-ec6b-45f8-af8d-9023adc455ca",
    "data": [
      {
        "text": "nei",
        "userDefined": false
      }
    ],
    "isTemplate": false,
    "count": 0
  },
  {
    "id": "d7c11a25-741d-4bf7-b39f-ff45216ba800",
    "data": [
      {
        "text": "ich denke nicht",
        "userDefined": false
      }
    ],
    "isTemplate": false,
    "count": 0,
    "updated": 1497436126
  },
  {
    "id": "2840f00d-8e38-4b43-b216-8b6247f8cd1b",
    "data": [
      {
        "text": "das möchte ich nicht",
        "userDefined": false
      }
    ],
    "isTemplate": false,
    "count": 1,
    "updated": 1497436126
  },
  {
    "id": "4af67d23-397e-4450-b0a3-bf84d99a2aa3",
    "data": [
      {
        "text": "auf keinen Fall",
        "userDefined": false
      }
    ],
    "isTemplate": false,
    "count": 1,
    "updated": 1497519195
  },
  {
    "id": "2cb0171e-afab-4ef5-a839-e602b599108b",
    "data": [
      {
        "text": "kein Interesse",
        "userDefined": false
      }
    ],
    "isTemplate": false,
    "count": 1,
    "updated": 1497519195
  }
]