[
  {
    "id": "8683025f-edd8-4624-8b62-63107d4def71",
    "data": [
      {
        "text": "Mittig",
        "userDefined": false
      }
    ],
    "isTemplate": false,
    "count": 0
  },
  {
    "id": "1346296f-e619-439b-af7c-15700220b4b5",
    "data": [
      {
        "text": "durchschnittlich",
        "userDefined": false
      }
    ],
    "isTemplate": false,
    "count": 0
  },
  {
    "id": "44653afe-93b4-4482-b0b3-3b4861136313",
    "data": [
      {
        "text": "Mittel",
        "userDefined": false
      }
    ],
    "isTemplate": false,
    "count": 0
  },
  {
    "id": "7280154a-d9a9-4d51-8275-0d3775c33a95",
    "data": [
      {
        "text": "mittelschwer",
        "userDefined": false
      }
    ],
    "isTemplate": false,
    "count": 0
  },
  {
    "id": "a6f8a121-4aaa-44a3-9801-4feef035f1b2",
    "data": [
      {
        "text": "mitte",
        "userDefined": false
      }
    ],
    "isTemplate": false,
    "count": 0
  }
]