[
  {
    "id": "27378bbf-fbf2-4823-883f-032f940e889e",
    "data": [
      {
        "text": "mach das",
        "userDefined": false
      }
    ],
    "isTemplate": false,
    "count": 0,
    "updated": 1497436128
  },
  {
    "id": "9be6150f-2a0c-4492-872d-b9aadb6ef757",
    "data": [
      {
        "text": "ja",
        "userDefined": false
      }
    ],
    "isTemplate": false,
    "count": 2,
    "updated": 1497436128
  },
  {
    "id": "01fd41d5-ede8-4c35-8190-fc5f23d84c7b",
    "data": [
      {
        "text": "klingt gut",
        "userDefined": false
      }
    ],
    "isTemplate": false,
    "count": 0,
    "updated": 1497436128
  },
  {
    "id": "eba65b32-eb42-4ac0-bb0f-26a75db7131f",
    "data": [
      {
        "text": "natürlich",
        "userDefined": false
      }
    ],
    "isTemplate": false,
    "count": 1,
    "updated": 1497436128
  },
  {
    "id": "2ed8ffd3-c3f7-4f39-8226-a75fa050e418",
    "data": [
      {
        "text": "genau",
        "userDefined": false
      }
    ],
    "isTemplate": false,
    "count": 2,
    "updated": 1497436128
  },
  {
    "id": "3f3af230-c753-43da-9ca4-a3ad51c81e1c",
    "data": [
      {
        "text": "das ist richtig",
        "userDefined": false
      }
    ],
    "isTemplate": false,
    "count": 1,
    "updated": 1497436128
  },
  {
    "id": "8b6904a1-d7c9-4262-9e61-532cd6b9dace",
    "data": [
      {
        "text": "ist mir egal",
        "userDefined": false
      }
    ],
    "isTemplate": false,
    "count": 1,
    "updated": 1497436128
  },
  {
    "id": "d868db4b-fdc7-4934-beec-057b8e7fc935",
    "data": [
      {
        "text": "einverstanden",
        "userDefined": false
      }
    ],
    "isTemplate": false,
    "count": 0,
    "updated": 1497436128
  },
  {
    "id": "646e1fcd-4d18-4ebd-b73c-d782adc82d0a",
    "data": [
      {
        "text": "bestätigen",
        "userDefined": false
      }
    ],
    "isTemplate": false,
    "count": 0,
    "updated": 1497436128
  },
  {
    "id": "5f382c27-4618-46e8-888f-796f41d18e2e",
    "data": [
      {
        "text": "klar",
        "userDefined": false
      }
    ],
    "isTemplate": false,
    "count": 1,
    "updated": 1497436128
  }
]