[
  {
    "id": "a26672b2-f742-4c61-8df6-12ded8dd6f93",
    "data": [
      {
        "text": "kompliziert",
        "userDefined": false
      }
    ],
    "isTemplate": false,
    "count": 0
  },
  {
    "id": "07e91ba1-1dab-4de4-8946-3fa023b688c3",
    "data": [
      {
        "text": "Schwer",
        "userDefined": false
      }
    ],
    "isTemplate": false,
    "count": 0
  },
  {
    "id": "d95f5d46-fba9-43f1-bdaa-d1b66ee2084f",
    "data": [
      {
        "text": "schwierig",
        "userDefined": false
      }
    ],
    "isTemplate": false,
    "count": 0
  },
  {
    "id": "230c8840-1e35-4525-9a8e-94b1ed2a13b0",
    "data": [
      {
        "text": "schwerer",
        "userDefined": false
      }
    ],
    "isTemplate": false,
    "count": 0
  }
]