[
  {
    "id": "8bab9f8c-dc48-48ab-96c8-4db1796da5c0",
    "data": [
      {
        "text": "Der Zugangscode lautet ",
        "userDefined": false
      },
      {
        "text": "zH\u0026rM){",
        "alias": "Zugangscode",
        "meta": "@sys.any",
        "userDefined": true
      },
      {
        "text": ".",
        "userDefined": false
      }
    ],
    "isTemplate": false,
    "count": 0
  },
  {
    "id": "e5a432bc-aee5-4a0f-b806-d24cc8d6e5c2",
    "data": [
      {
        "text": "nGMyvVkHDQx06iVinzdB",
        "alias": "Zugangscode",
        "meta": "@sys.any",
        "userDefined": true
      }
    ],
    "isTemplate": false,
    "count": 0
  },
  {
    "id": "6b7f9fff-2424-4e70-8597-bedeea57255a",
    "data": [
      {
        "text": "5xULROSfweq46Fz9xxCH",
        "alias": "Zugangscode",
        "meta": "@sys.any",
        "userDefined": true
      }
    ],
    "isTemplate": false,
    "count": 0
  },
  {
    "id": "6e15b756-eba9-4689-b033-d8f88dd12e48",
    "data": [
      {
        "text": "TRm2g56.",
        "alias": "Zugangscode",
        "meta": "@sys.any",
        "userDefined": true
      },
      {
        "text": " ist mein Code.",
        "userDefined": false
      }
    ],
    "isTemplate": false,
    "count": 0
  },
  {
    "id": "195887b6-d0c0-4f4f-9dba-10b0611d91c7",
    "data": [
      {
        "text": "abc",
        "alias": "Zugangscode",
        "meta": "@sys.any",
        "userDefined": true
      }
    ],
    "isTemplate": false,
    "count": 0
  },
  {
    "id": "7d76578e-9519-4f72-a72f-b2427b35f24c",
    "data": [
      {
        "text": "Katkms!",
        "alias": "Zugangscode",
        "meta": "@sys.any",
        "userDefined": true
      }
    ],
    "isTemplate": false,
    "count": 0
  },
  {
    "id": "531d731a-0bb0-4df6-a30e-8b6027e700b7",
    "data": [
      {
        "text": "Mein Zugangscode ist ",
        "userDefined": false
      },
      {
        "text": "Fn34!L",
        "alias": "Zugangscode",
        "meta": "@sys.any",
        "userDefined": true
      }
    ],
    "isTemplate": false,
    "count": 0
  },
  {
    "id": "cc048e88-86a5-4b49-9eb1-29383e5425a1",
    "data": [
      {
        "text": "82KzAuIwVNelwCidFDS2",
        "alias": "Zugangscode",
        "meta": "@sys.any",
        "userDefined": true
      }
    ],
    "isTemplate": false,
    "count": 0
  },
  {
    "id": "b87d05d6-eddf-46a7-a58c-7eff9591ba9d",
    "data": [
      {
        "text": "QhC0FZwoJZafmkMoHMk8",
        "alias": "Zugangscode",
        "meta": "@sys.any",
        "userDefined": true
      }
    ],
    "isTemplate": false,
    "count": 0
  },
  {
    "id": "f750eed3-7d31-4b0d-8ca8-5355cfc3e85e",
    "data": [
      {
        "text": "Mein Code lautet ",
        "userDefined": false
      },
      {
        "text": "w5cm1WNIk3xwdjFHIEbc",
        "alias": "Zugangscode",
        "meta": "@sys.any",
        "userDefined": true
      }
    ],
    "isTemplate": false,
    "count": 0
  },
  {
    "id": "f068aed6-587c-4e67-a6f2-3c852643d3fe",
    "data": [
      {
        "text": "iqyljkPdgKiAYwPYQp12",
        "alias": "Zugangscode",
        "meta": "@sys.any",
        "userDefined": true
      }
    ],
    "isTemplate": false,
    "count": 0
  },
  {
    "id": "d21d5c8b-ba98-4194-8662-8bbc2c241987",
    "data": [
      {
        "text": "q3l9d5B9pxg8yk4imq1y",
        "alias": "Zugangscode",
        "meta": "@sys.any",
        "userDefined": true
      }
    ],
    "isTemplate": false,
    "count": 0
  },
  {
    "id": "a86dce43-d154-4ffb-91e5-9ae8d3e35822",
    "data": [
      {
        "text": "£Jha23.",
        "alias": "Zugangscode",
        "meta": "@sys.any",
        "userDefined": true
      }
    ],
    "isTemplate": false,
    "count": 0
  },
  {
    "id": "38e4b449-8054-4d65-8b5e-21cdb8a5e499",
    "data": [
      {
        "text": "6EJdhFibO2BdovtghdfM",
        "alias": "Zugangscode",
        "meta": "@sys.any",
        "userDefined": true
      }
    ],
    "isTemplate": false,
    "count": 0
  },
  {
    "id": "3cdc6241-2751-4abd-a078-033c7e3e3a01",
    "data": [
      {
        "text": "gbRze10PeP0wnOlNVH7y",
        "alias": "Zugangscode",
        "meta": "@sys.any",
        "userDefined": true
      }
    ],
    "isTemplate": false,
    "count": 0
  },
  {
    "id": "07922428-5bc9-4d40-b7a4-55d619e2a9db",
    "data": [
      {
        "text": "hIL?m",
        "alias": "Zugangscode",
        "meta": "@sys.any",
        "userDefined": true
      }
    ],
    "isTemplate": false,
    "count": 0
  }
]