[
  {
    "id": "cf660290-fac0-4112-9c5b-5e1850b475c8",
    "data": [
      {
        "text": "jop",
        "userDefined": false
      }
    ],
    "isTemplate": false,
    "count": 0
  },
  {
    "id": "6bb0446e-b379-424f-91d0-f6551324b46d",
    "data": [
      {
        "text": "Ja",
        "userDefined": false
      }
    ],
    "isTemplate": false,
    "count": 0
  },
  {
    "id": "e41e20b3-59a5-4e49-8914-9fde58c0cffa",
    "data": [
      {
        "text": "ja",
        "userDefined": false
      }
    ],
    "isTemplate": false,
    "count": 0
  },
  {
    "id": "b8e170f4-c21b-48a8-b100-7039f4396c47",
    "data": [
      {
        "text": "natürlich",
        "userDefined": false
      }
    ],
    "isTemplate": false,
    "count": 0
  },
  {
    "id": "8b248b17-0845-44a5-8270-0b302dd6e179",
    "data": [
      {
        "text": "Sicherlich",
        "userDefined": false
      }
    ],
    "isTemplate": false,
    "count": 0
  },
  {
    "id": "b34ee5aa-875d-4ba0-909b-120fb29032e6",
    "data": [
      {
        "text": "yep",
        "userDefined": false
      }
    ],
    "isTemplate": false,
    "count": 0
  },
  {
    "id": "15f477fd-cb44-4a8c-a179-3696123fa31f",
    "data": [
      {
        "text": "Yes",
        "userDefined": false
      }
    ],
    "isTemplate": false,
    "count": 0
  },
  {
    "id": "eb52a94e-a5c8-4d47-ae67-4dfd4ee512b3",
    "data": [
      {
        "text": "j",
        "userDefined": false
      }
    ],
    "isTemplate": false,
    "count": 0
  },
  {
    "id": "5a1c2978-d7d2-42a6-9f47-aa4310b11714",
    "data": [
      {
        "text": "sicher",
        "userDefined": false
      }
    ],
    "isTemplate": false,
    "count": 0
  }
]