[
  {
    "id": "bd3bb68b-c3d1-4776-b0d6-4f1fe0991f62",
    "data": [
      {
        "text": "hallo",
        "userDefined": false
      }
    ],
    "isTemplate": false,
    "count": 0,
    "updated": 0
  },
  {
    "id": "9a755ef6-883f-4e2c-a2cf-3903287dae48",
    "data": [
      {
        "text": "neu start",
        "userDefined": false
      }
    ],
    "isTemplate": false,
    "count": 0
  },
  {
    "id": "0185f34e-167e-4005-8f34-f6dc5be378c3",
    "data": [
      {
        "text": "starte",
        "userDefined": false
      }
    ],
    "isTemplate": false,
    "count": 0
  },
  {
    "id": "c9f2b059-2515-4d5a-9b1c-e93816c56595",
    "data": [
      {
        "text": "ja hallo",
        "userDefined": false
      }
    ],
    "isTemplate": false,
    "count": 0,
    "updated": 0
  },
  {
    "id": "2e4d215d-4f2c-4584-8740-b6165025f4a5",
    "data": [
      {
        "text": "grüß dich",
        "userDefined": false
      }
    ],
    "isTemplate": false,
    "count": 0,
    "updated": 0
  },
  {
    "id": "0b0b1a00-5641-461f-bf95-37d102aec3b6",
    "data": [
      {
        "text": "neu starten",
        "userDefined": false
      }
    ],
    "isTemplate": false,
    "count": 0
  },
  {
    "id": "7c3aaedd-6ab0-435e-850d-9e105707f895",
    "data": [
      {
        "text": "starten",
        "userDefined": false
      }
    ],
    "isTemplate": false,
    "count": 0
  },
  {
    "id": "222ba27c-3549-4808-889b-f84daed2f589",
    "data": [
      {
        "text": "Neustarten",
        "userDefined": false
      }
    ],
    "isTemplate": false,
    "count": 0
  },
  {
    "id": "b195ccc7-8a77-443f-98ac-90fa686a507a",
    "data": [
      {
        "text": "ich grüße dich",
        "userDefined": false
      }
    ],
    "isTemplate": false,
    "count": 0,
    "updated": 0
  },
  {
    "id": "932cdd88-017b-4c90-ab0a-15c7cdb2f575",
    "data": [
      {
        "text": "start",
        "userDefined": false
      }
    ],
    "isTemplate": false,
    "count": 0
  },
  {
    "id": "94f7d3b7-daf9-4b8b-9b3e-93f6fa263570",
    "data": [
      {
        "text": "erneut starten",
        "userDefined": false
      }
    ],
    "isTemplate": false,
    "count": 1
  },
  {
    "id": "6e3a8f96-d1d7-42e3-8412-bd6c2e5d774d",
    "data": [
      {
        "text": "neustart",
        "userDefined": false
      }
    ],
    "isTemplate": false,
    "count": 0
  },
  {
    "id": "297da359-b074-41ec-96af-f0d6e507b6e8",
    "data": [
      {
        "text": "beginnen",
        "userDefined": false
      }
    ],
    "isTemplate": false,
    "count": 0
  },
  {
    "id": "c6a1ef78-9cc2-4649-8c9e-f767a46c13f9",
    "data": [
      {
        "text": "hallöchen",
        "userDefined": false
      }
    ],
    "isTemplate": false,
    "count": 0,
    "updated": 0
  },
  {
    "id": "4a48e478-79ac-475d-bdf5-9acad8f6d102",
    "data": [
      {
        "text": "hallo hallo",
        "userDefined": false
      }
    ],
    "isTemplate": false,
    "count": 0,
    "updated": 0
  },
  {
    "id": "b741f0d1-c908-4701-882a-aadaacaa6047",
    "data": [
      {
        "text": "neu starte",
        "userDefined": false
      }
    ],
    "isTemplate": false,
    "count": 0
  },
  {
    "id": "310d1901-ca8b-4a35-ba1b-ab0eedb20791",
    "data": [
      {
        "text": "hello",
        "userDefined": false
      }
    ],
    "isTemplate": false,
    "count": 0
  }
]